-- ============================================================
-- Ejecutar como: RMS
-- docker exec -it oracle-oracle-1 sqlplus rms/rms123@XEPDB1
--
-- Items alineados con QA (MOMDEV) — 16 items reales.
-- SUPPLIER = código real de QA (rms.SUPS):
--   407925 = CONCECEL - Sin División  (ECUABET + BET593)
--   407827 = BROADNET S.A. - Sin División  (PEGA3 + TRADICIONALES)
-- CLASS/SUBCLASS locales diseñados para que el routing funcione:
--   CLASS 1 / SUBCLASS 1 → APUESTAS  (ECUABET + BET593,       subcategory_code='1')
--   CLASS 1 / SUBCLASS 2 → BOLETOS   (PEGA3 + TRADICIONALES,  subcategory_code='2')
-- ============================================================
SET SQLBLANKLINES ON

-- Categoría principal
INSERT INTO CLASS VALUES (1, 'ENTRETENIMIENTO');

-- Subcategorías bajo ENTRETENIMIENTO
-- Orden de columnas SUBCLASS: (CLASS, SUBCLASS_ID, SUB_NAME)
-- SUBCLASS 1: ECUABET + BET593
INSERT INTO SUBCLASS VALUES (1, 1, 'APUESTAS');
-- SUBCLASS 2: PEGA3 + TRADICIONALES
INSERT INTO SUBCLASS VALUES (1, 2, 'BOLETOS');

-- --------------------------------------------------------
-- Items CLASS=1, SUBCLASS=1 — APUESTAS (ECUABET + BET593)
-- --------------------------------------------------------
INSERT INTO ITEM_MASTER VALUES (100713841, 'PRUEBA RECARGA ECUABET',       'ECUABET CASH IN',  1, 1);
INSERT INTO ITEM_MASTER VALUES (100708846, 'PRUEBA RECARGA ECUABET PREMIO','ECUABET CASH OUT', 1, 1);
INSERT INTO ITEM_MASTER VALUES (100708850, 'PRUEBA BET 593 RECARGAS',      'BET593 CASH IN',   1, 1);
INSERT INTO ITEM_MASTER VALUES (100708848, 'PRUEBA BET 593 PREMIO',        'BET593 CASH OUT',  1, 1);

-- --------------------------------------------------------
-- Items CLASS=1, SUBCLASS=2 — BOLETOS PEGA3
-- --------------------------------------------------------
INSERT INTO ITEM_MASTER VALUES (100713848, 'PRUEBA BOLETO LOTERIA NACIONAL PEGA 4',         'LN PEGA4 CASH IN',  1, 2);
INSERT INTO ITEM_MASTER VALUES (100713850, 'PRUEBA BOLETO LOTERIA NACIONAL PEGA 2',         'LN PEGA2 CASH IN',  1, 2);
INSERT INTO ITEM_MASTER VALUES (100708852, 'PRUEBA BOLETO LOTERIA NACIONAL PEGA 3',         'LN PEGA3 CASH IN',  1, 2);
INSERT INTO ITEM_MASTER VALUES (100708858, 'PRUEBA BOLETO LOTERIA NACIONAL PREMIOS PEGA 4', 'LN PEGA4 CASH IN',  1, 2);
INSERT INTO ITEM_MASTER VALUES (100708860, 'PRUEBA BOLETO LOTERIA NACIONAL PREMIOS PEGA 2', 'LN PEGA2 CASH IN',  1, 2);
INSERT INTO ITEM_MASTER VALUES (100708862, 'PRUEBA BOLETO LOTERIA NACIONAL PREMIOS PEGA 3', 'LN PEGA3 CASH IN',  1, 2);

-- --------------------------------------------------------
-- Items CLASS=1, SUBCLASS=2 — BOLETOS TRADICIONALES
-- --------------------------------------------------------
INSERT INTO ITEM_MASTER VALUES (100713842, 'PRUEBA BOLETO LOTERIA NACIONAL LOTERIA',         'LN LOTERIA CASH IN',  1, 2);
INSERT INTO ITEM_MASTER VALUES (100713844, 'PRUEBA BOLETO LOTERIA NACIONAL LOTTO',           'LN LOTTO CASH IN',    1, 2);
INSERT INTO ITEM_MASTER VALUES (100713846, 'PRUEBA BOLETO LOTERIA NACIONAL POZZO',           'LN POZZO CASH IN',    1, 2);
INSERT INTO ITEM_MASTER VALUES (100708854, 'PRUEBA BOLETO LOTERIA NACIONAL PREMIOS LOTERIA', 'LN PREMIOS CASH IN',  1, 2);
INSERT INTO ITEM_MASTER VALUES (100708855, 'PRUEBA BOLETO LOTERIA NACIONAL PREMIOS LOTTO',   'LN PREMIOS CASH IN',  1, 2);
INSERT INTO ITEM_MASTER VALUES (100708856, 'PRUEBA BOLETO LOTERIA NACIONAL PREMIOS POZZO',   'LN PREMIOS CASH IN',  1, 2);

-- --------------------------------------------------------
-- Proveedores (codigos reales de QA — rms.SUPS)
-- 407925 = CONCECEL - Sin División  → ECUABET (CI+CO) + BET593 (CI+CO)
-- 407827 = BROADNET S.A. - Sin División → PEGA3 + TRADICIONALES
-- --------------------------------------------------------
INSERT INTO SUPS VALUES (407925, 'CONCECEL - Sin División',    '1791251237001');
INSERT INTO SUPS VALUES (407827, 'BROADNET S.A. - Sin División', '0992371188001');

-- Relación item <-> proveedor
INSERT INTO ITEM_SUPPLIER VALUES (100713841, 407925);  -- ECUABET CI
INSERT INTO ITEM_SUPPLIER VALUES (100708846, 407925);  -- ECUABET CO
INSERT INTO ITEM_SUPPLIER VALUES (100708850, 407925);  -- BET593 CI
INSERT INTO ITEM_SUPPLIER VALUES (100708848, 407925);  -- BET593 CO
INSERT INTO ITEM_SUPPLIER VALUES (100713848, 407827);  -- PEGA4 CI
INSERT INTO ITEM_SUPPLIER VALUES (100713850, 407827);  -- PEGA2 CI
INSERT INTO ITEM_SUPPLIER VALUES (100708852, 407827);  -- PEGA3 CI
INSERT INTO ITEM_SUPPLIER VALUES (100708858, 407827);  -- PEGA4 premios
INSERT INTO ITEM_SUPPLIER VALUES (100708860, 407827);  -- PEGA2 premios
INSERT INTO ITEM_SUPPLIER VALUES (100708862, 407827);  -- PEGA3 premios
INSERT INTO ITEM_SUPPLIER VALUES (100713842, 407827);  -- LOTERIA CI
INSERT INTO ITEM_SUPPLIER VALUES (100713844, 407827);  -- LOTTO CI
INSERT INTO ITEM_SUPPLIER VALUES (100713846, 407827);  -- POZZO CI
INSERT INTO ITEM_SUPPLIER VALUES (100708854, 407827);  -- PREMIOS LOTERIA
INSERT INTO ITEM_SUPPLIER VALUES (100708855, 407827);  -- PREMIOS LOTTO
INSERT INTO ITEM_SUPPLIER VALUES (100708856, 407827);  -- PREMIOS POZZO

-- UDA tipo movimiento (UDA_ID=3330)
INSERT INTO UDA VALUES (3330, 'TIPO_MOVIMIENTO');
INSERT INTO UDA_VALUES VALUES (3330, 1, 'CASH IN');
INSERT INTO UDA_VALUES VALUES (3330, 2, 'CASH OUT');

-- Movement types desde QA: CASH OUT solo 100708846 y 100708848, el resto CASH IN
INSERT INTO UDA_ITEM_LOV VALUES (3330, 100713841, 1);
INSERT INTO UDA_ITEM_LOV VALUES (3330, 100708846, 2);
INSERT INTO UDA_ITEM_LOV VALUES (3330, 100708850, 1);
INSERT INTO UDA_ITEM_LOV VALUES (3330, 100708848, 2);
INSERT INTO UDA_ITEM_LOV VALUES (3330, 100713848, 1);
INSERT INTO UDA_ITEM_LOV VALUES (3330, 100713850, 1);
INSERT INTO UDA_ITEM_LOV VALUES (3330, 100708852, 1);
INSERT INTO UDA_ITEM_LOV VALUES (3330, 100708858, 1);
INSERT INTO UDA_ITEM_LOV VALUES (3330, 100708860, 1);
INSERT INTO UDA_ITEM_LOV VALUES (3330, 100708862, 1);
INSERT INTO UDA_ITEM_LOV VALUES (3330, 100713842, 1);
INSERT INTO UDA_ITEM_LOV VALUES (3330, 100713844, 1);
INSERT INTO UDA_ITEM_LOV VALUES (3330, 100713846, 1);
INSERT INTO UDA_ITEM_LOV VALUES (3330, 100708854, 1);
INSERT INTO UDA_ITEM_LOV VALUES (3330, 100708855, 1);
INSERT INTO UDA_ITEM_LOV VALUES (3330, 100708856, 1);

COMMIT;
